"age_kyrBP","eccentricity","obliquity_deg","perihelion_deg","precession_esinw"
0,0.01670236225492288,23.43929111111183,102.91794451250462,0.01627964595166013
1,0.01716138713254424,23.56878986636755,85.82497989037988,0.01711584618133347
2,0.01749682471015021,23.694942814904067,68.75630657810213,0.01630787623257513
3,0.01784575075382516,23.814369600298505,51.76637124135318,0.014017726463057949
4,0.01821091028944827,23.924126644220504,35.029531796962644,0.010453036524601804
5,0.01845349552525976,24.021108382146544,18.078938645676235,0.0057266180644228
6,0.01874838431839618,24.102439566579193,1.4079938587543355,0.0004606788391855383
7,0.01893737527286929,24.1660384093866,344.8427197865733,-0.004951547722370461
8,0.01918007250168996,24.20955004227845,328.1469510915697,-0.010122138770913235
9,0.01932548079861887,24.231424717794944,311.59481543294055,-0.014452718600770641
10,0.01942460866702592,24.23072058795984,295.26651297471903,-0.017566298474565978
11,0.01959737478374667,24.20666617603942,278.6556120800018,-0.01937417585798311
12,0.01961275880112955,24.159215420067316,262.3821272434528,-0.019439661223967935
13,0.0196505558470216,24.08922255418025,245.9333387722334,-0.01794236483131798
14,0.01967905963813162,23.997456878776635,229.66704572971665,-0.015001272295564225
15,0.01963487419524003,23.885853014657506,213.29811713802337,-0.010779454656202534
16,0.01956017775848288,23.75679385717586,196.9101168219234,-0.005689491113482451
17,0.01948695985468776,23.61291182369839,180.7084186634967,-0.00024093527375451085
18,0.01934707647271221,23.457658971296894,164.3038469133876,0.0052340769850621385
19,0.01922308095068063,23.29513361953169,147.9033658499014,0.01021416127006623
20,0.01900267225865419,23.129009524578112,131.68805650207807,0.01419075545663811
21,0.01883542892960224,22.964135056032017,115.23432747210303,0.017037997738376814
22,0.01861739983119154,22.805250301196427,98.8871632941486,0.018393888688140327
23,0.0183405964667049,22.656617659974597,82.53615762684393,0.01818519723594331
24,0.01809455334563617,22.52301669608132,66.19566042393859,0.01655523342097743
25,0.0178681374211005,22.40885089664578,49.91994781015793,0.013671726895829118
26,0.01750678361180578,22.317293699438007,33.50339288570395,0.009663505841426716
27,0.01727896594149951,22.251841671456788,17.51436760590337,0.005200017472972041
28,0.01696684805293583,22.21479342818733,1.3024190437868168,0.000385648701787477
29,0.0166518441105734,22.207213012642388,345.25885902189583,-0.004237102054534685
30,0.01636551893016798,22.229896407987624,329.5174007349854,-0.008301845825940748
31,0.01604546955791278,22.282240671429054,313.83442922108435,-0.011574306188806118
32,0.01577846477664555,22.36238937861783,298.1325482711508,-0.013914383597132755
33,0.01544954351199893,22.468408304762548,283.01736521790616,-0.01505251869898523
34,0.01517498845788225,22.596930447162645,267.7896437472671,-0.015163697681680242
35,0.01494231991921538,22.743864114069066,252.89006325372202,-0.014281002803766265
36,0.01465169278767554,22.905453475488237,238.1993110911835,-0.012452273806508504
37,0.01442406727541747,23.076927929310845,223.724092726705,-0.009969718495876653
38,0.0142706431862717,23.253437451375916,209.57600926923752,-0.007043671966011053
39,0.01403936018899376,23.43069355149474,195.3749218606163,-0.0037223132863967176
40,0.0139293128948969,23.604153778605845,181.63876116923598,-0.0003983487984058994
41,0.01382407171998255,23.769321177924674,168.04713999292437,0.0028630599684641555
42,0.01373519859183324,23.922803934317827,154.35028363643232,0.0059455295780033585
43,0.01371940247316185,24.06077817409707,141.04460824713937,0.008625596115321148
44,0.01370571799095759,24.180278159013273,127.8929464872494,0.010816000321003758
45,0.01379270706095304,24.279033699478333,114.34423664134994,0.012566332444347215
46,0.01384268014662993,24.354880436022736,101.33733777807485,0.01357256458825983
47,0.01398676863392096,24.406398213840397,88.076327812116,0.013978886143239472
48,0.01418177395449276,24.43318935415867,74.71727249737758,0.013680262780378493
49,0.01438542972374082,24.434632277660523,61.51062439300581,0.012643434417583815
50,0.0146001517521174,24.411342083252862,47.95068497613979,0.01084161458486885
51,0.01495811462087483,24.36437058929351,34.64632361827029,0.008503823755230362
52,0.01521682889678969,24.294994883727423,20.849936733807628,0.005415997851917353
53,0.01557127969134769,24.205222992887162,7.123111685415361,0.0019308659092858106
54,0.01596141810479995,24.097461358092023,353.3594652252676,-0.0018457767681697105
55,0.01633035381262972,23.974093208786336,339.1626244165968,-0.005808979548960281
56,0.01673939325491892,23.83823954366011,324.93241896637113,-0.009617488437163485
57,0.01715601193024059,23.69297171974431,310.79013533304624,-0.012988946065173708
58,0.01760548460320829,23.541300074605626,296.00750798574836,-0.015822693282700043
59,0.01804379776856427,23.38685387685435,281.4617086613805,-0.017683963397664235
60,0.01846916560122828,23.232914066893972,266.65054052380736,-0.0184376157159259
61,0.01898250418629093,23.082611293267146,251.6302715379263,-0.01801520604972464
62,0.01941667017462517,22.93938242737353,236.54249878901663,-0.016199230619450427
63,0.01986341171338033,22.806241518615458,221.3265137295523,-0.013116788951310708
64,0.0203886121588374,22.685748051299026,205.9326500817547,-0.00891623230059569
65,0.0208222635041623,22.580616536075855,190.53013460303924,-0.003805323652322979
66,0.02131114776349266,22.49288582697002,174.82178335158426,0.001923415204268292
67,0.02179316348650421,22.424063881820825,159.31735173607336,0.0076971608228179915
68,0.02229379513441951,22.375478867905212,143.4997136232575,0.013260946922101963
69,0.02277684159528877,22.347977887885644,127.66186210210238,0.018030840440419908
70,0.02327956077863069,22.341463145867248,111.9389993328635,0.02159370523817926
71,0.02379018969017846,22.355996204781594,96.01068826994332,0.023659400237783193
72,0.02434509161664958,22.390726809235893,80.09280613485258,0.023982051075048128
73,0.02480792650479997,22.444468305117248,64.27898478210751,0.022349905079266964
74,0.02540805301870616,22.51573703757692,48.375468345139275,0.01899286915854477
75,0.02595171402273105,22.602841809508938,32.467961873501245,0.013931604776250162
76,0.02647004347535988,22.703515790645696,16.671214625464117,0.007593706855021675
77,0.02707834961129913,22.81579812877982,0.8170182653245331,0.0003861149401428359
78,0.02764603433965626,22.937271116101133,345.0786018315754,-0.0071186792918132985
79,0.02820949831209058,23.065458651933895,329.2218767278945,-0.014435219442376452
80,0.02880468109552461,23.198028566813864,313.58130220131596,-0.020866020885667497
81,0.0294040913770163,23.332520286827,297.89092620874715,-0.025988504004079042
82,0.02998667766318493,23.46621262251818,282.11387843214607,-0.029318947319928037
83,0.03058106631011322,23.596839580569423,266.58964720213226,-0.030526910163243635
84,0.03115824113748566,23.721936472887794,250.91740927028513,-0.029446042612169068
85,0.03179994635902416,23.838962804723497,235.27947773535652,-0.026137650554122656
86,0.03234670264173998,23.945843375374302,219.6946378592168,-0.0206597034094431
87,0.0329378863409665,24.040500472711056,204.11281235099315,-0.013456265432570514
88,0.03359751657285649,24.120894984227313,188.49361095648672,-0.004962323806867795
89,0.03410631007662696,24.185464261561595,172.89451838270926,0.004218828279348373
90,0.03474344262165345,24.232912214746133,157.27437879802167,0.01342203599625611
91,0.03531963259909553,24.261733947083776,141.71020207737067,0.021885431883640755
92,0.03587544240049541,24.271388907142594,125.96583318989923,0.029036412124969983
93,0.03644780966778919,24.261164421898055,110.34614896104286,0.03417380132307899
94,0.03699754977765579,24.230788330196354,94.6518200297412,0.036875677497956394
95,0.03753946239937783,24.180501708023815,78.79324527060966,0.03682366930785893
96,0.03808712831726919,24.11089224746746,63.04638927524879,0.033949868433150864
97,0.0385531081651202,24.022667155506735,47.13061069130169,0.02825582258061349
98,0.03914251040961909,23.91764166128468,31.19786823840859,0.020275631886185266
99,0.03958464147629635,23.797559766659646,15.166795091333928,0.010356524754808097
100,0.04006000253845324,23.664678666576,359.07014670693354,-0.0006501053038830341
101,0.04056261315699817,23.522008672117174,342.9546479834857,-0.011890060726972287
102,0.04096479261708854,23.37269469368728,326.66407905500216,-0.02251206701255813
103,0.04137760136484222,23.220086546788423,310.3071123166245,-0.031554063744418874
104,0.04176883083907746,23.068229637486414,293.98568520896004,-0.03816196900741471
105,0.04212270564598695,22.920889247749077,277.3572330333193,-0.041775910349444244
106,0.04245198480073054,22.782088217363597,260.80545546378784,-0.041906539786902994
107,0.04272264086508296,22.655877238078396,244.13884140364289,-0.03844412580243986
108,0.0430308517316745,22.545881773435145,227.35850757470075,-0.03165378346390113
109,0.04324941664197367,22.455540590953927,210.52923514143896,-0.021969749688711918
110,0.04341577984317884,22.38802771111694,193.68797926779513,-0.010273663042586464
111,0.04364703204507801,22.345465972427892,176.75946838250158,0.0024672706161612476
112,0.04372893544555632,22.32947903185421,159.85312405297174,0.01506146495414973
113,0.04383909451767588,22.341240330197248,142.8834102122072,0.02645421497392774
114,0.04388432645487286,22.380274177878317,126.00439757781302,0.03550118599459098
115,0.04392082870766505,22.445762073295015,109.11723538145537,0.041498614225495084
116,0.04387714158977415,22.53614882251161,92.2007115318996,0.04384477954818592
117,0.0438130341936347,22.64847920085268,75.51006073742577,0.042419411257360984
118,0.04372171057638152,22.77955486439533,58.75000744645776,0.03737821232570102
119,0.04357847779536124,22.925739334088885,42.11165397154116,0.029222747700692525
120,0.04337113079303481,23.082231710285594,25.61555177343373,0.018750663397329392
121,0.04314902744451297,23.244764133554458,9.164801396079785,0.006872549636769448
122,0.04291896737174355,23.408633780134853,352.83643834153,-0.005352091972026481
123,0.04254651483922084,23.568900115375914,336.59454267484136,-0.016900977730517335
124,0.04224272790348191,23.721256516984393,320.4826280792329,-0.02687956082242554
125,0.04186230645062286,23.861613931757173,304.4662856096084,-0.03451376932599126
126,0.04140988350915253,23.98580361989227,288.48163272128437,-0.039274182211658015
127,0.04098579008351486,24.091011743181827,272.65253367902113,-0.040941876154482776
128,0.04048942410404534,24.174340564114278,256.93836883029815,-0.03944186264265313
129,0.03999943530074771,24.23357828425551,241.13674808900743,-0.035030477939777475
130,0.03944562084371345,24.267507182941888,225.6115348519181,-0.028188374045608512
131,0.03888242680016585,24.2752721863253,210.02105398913082,-0.019453585678254646
132,0.03834814711373812,24.256540168721322,194.50503566158457,-0.009604872213813322
133,0.03771681324040298,24.212246528130123,179.05960771041146,0.000619016064229096
134,0.03708181188254631,24.143509728519824,163.64368770073781,0.0104426054649675
135,0.03655698129896082,24.052179052140882,148.28560996069174,0.01921746836634468
136,0.0358263593023125,23.941171014151042,132.87775860220967,0.026253810092785997
137,0.03524741293923916,23.81338733708719,117.57901185645322,0.031242363283023006
138,0.03461751219126549,23.6724637361635,102.2994613780154,0.03382295640937268
139,0.03397087038883582,23.522715738914165,86.94553491026032,0.03392260910314241
140,0.03336907626562401,23.36809411981026,71.70263071879361,0.031681932216228004
141,0.03273549773723048,23.21305694579799,56.505397812896945,0.027299369493021364
142,0.03215920722317687,23.06234205919388,41.191407506790725,0.021179301836748342
143,0.03158191952233706,22.919800088508254,26.054494375773444,0.013871593774474817
144,0.03097595796950761,22.789744062096357,10.865059363379965,0.0058388621647732656
145,0.03052416605442711,22.675989826359974,355.7188280647047,-0.002278660620865646
146,0.029974361829787,22.58153338183595,340.60668356647244,-0.009953019891533752
147,0.02951634140784243,22.509178522894107,325.5510333243975,-0.01669656680032751
148,0.02914334408633434,22.46108269387641,310.5626503133463,-0.022140063552073427
149,0.02875748043647489,22.438111252665244,295.63206504130335,-0.025927473250025212
150,0.02843932917288444,22.4410485601412,280.66164709608137,-0.027948377015958918
151,0.02819623556082818,22.469285401115688,266.04459410041926,-0.028129073270730318
152,0.02800412882998431,22.521408933616247,251.16010844903215,-0.026503798016189656
153,0.02784656594156754,22.595535604443572,236.5591493827822,-0.023236710932641916
154,0.02777889314628643,22.68895534511009,222.05236085013587,-0.018606565530000216
155,0.0277608910393877,22.798072062545952,207.4511521067168,-0.012797554750592114
156,0.02783038648589892,22.919603131624935,193.03533103198325,-0.006277195154142057
157,0.02788941647074119,23.049532413060643,178.65918942603156,0.0006525962618368759
158,0.02810890482736331,23.183960280810563,164.28088557734415,0.0076153093050680834
159,0.0283255490888348,23.319181840410387,149.95808308183157,0.014180717084033264
160,0.02856968894613978,23.45170097335331,135.63322417231797,0.01997732416251303
161,0.02893417159565317,23.578175558005103,121.35838261993919,0.024707728586641265
162,0.02929606004626813,23.696014593533164,107.04255848271984,0.02800959161428642
163,0.02967728069188151,23.802548995761946,92.62158780305855,0.029646220660510206
164,0.03013615704984109,23.895854173267395,78.36383995329871,0.02951680332665768
165,0.03060748383418032,23.97451590672566,63.877009567377215,0.027480959173150427
166,0.03107567167094374,24.03708299619036,49.353293256145335,0.023578372301692456
167,0.03160270959039484,24.082827509250986,34.899446086575885,0.0180811093059262
168,0.03210496878950671,24.11131848610441,20.231679848374554,0.011102445775532323
169,0.03268493433737363,24.122230672236963,5.518351885142039,0.003143132780773138
170,0.03317357798439138,24.115705376728652,350.770486073836,-0.0053206987392829825
171,0.03376063667499973,24.092286184329726,335.9153876160133,-0.013777219233294034
172,0.03432870120545774,24.052405287583035,320.91811964707244,-0.021641855224514433
173,0.03484080442912485,23.997215961218856,305.92428886865935,-0.028213839271758544
174,0.03543180923118631,23.927912267091422,290.7247870493819,-0.0331390531577646
175,0.03598675421026658,23.84596548740393,275.58502308175844,-0.03581592054694836
176,0.03652633343144725,23.753052790505556,260.15195933295524,-0.035988111951934645
177,0.03707887385644208,23.651262757651526,244.7947330324415,-0.03354851672564497
178,0.03763543473259676,23.54237381148914,229.3308960127729,-0.02854594514137287
179,0.03817427054326961,23.428713546437617,213.63382342467543,-0.02114408526667348
180,0.0387021630988004,23.312335329884462,198.02834306104046,-0.011977832796745117
181,0.03921733737869093,23.195372565601883,182.2906819398171,-0.0015674892165500737
182,0.03979523902030026,23.079922630030108,166.36585864643376,0.009380583187496055
183,0.0402464128769432,22.9682336019635,150.53588523902727,0.019796339007605728
184,0.04077887223473105,22.8622009206254,134.50554279528916,0.029082783749868543
185,0.04131594368030833,22.764013312728807,118.49854009597593,0.0363096606423068
186,0.04176499849985178,22.67563405799374,102.37029750171527,0.040795360044677154
187,0.04224387511040445,22.598914218635194,86.21297692690213,0.042151633627095966
188,0.04275877164586196,22.53566762722852,70.08422520869742,0.04020155668507622
189,0.04314818632212798,22.487691167362126,53.75947205473695,0.034800839495068084
190,0.04363239846524769,22.4562091197303,37.53093722663327,0.0265804084517332
191,0.04400735327245898,22.44254686447982,21.247165253128756,0.015947909516278145
192,0.04444611631214147,22.44757984306709,4.876229076506158,0.003778077722847482
193,0.04482020045707816,22.471703879832294,348.5432397012249,-0.008902562592837048
194,0.04515915598441693,22.515109594247406,332.2090789415289,-0.021055296888174466
195,0.04558550993297129,22.577560503212105,315.82185026288715,-0.03176816131676495
196,0.0458929410657827,22.658180058310318,299.49907609902283,-0.039943547062514115
197,0.04621373167978894,22.75576098322451,283.1405093663786,-0.04500364713367461
198,0.0465919766941399,22.868800169391633,266.8970814494434,-0.04652366886556643
199,0.04687672514010097,22.99488594403746,250.58031688885626,-0.044209837617039095
200,0.04716980753183616,23.13174437892212,234.36229115969704,-0.03833572638169867
201,0.04749334041134154,23.276517958852597,218.23474196570803,-0.029392906251741378
202,0.04775008355208674,23.42598075606644,202.05611748490435,-0.01793085017292207
203,0.04804217037777725,23.576809097883924,186.00521653697788,-0.0050261242946222535
204,0.04826214067179604,23.725822289941295,169.99118589546467,0.008387944298643136
205,0.04852827532086312,23.86913482439889,154.02514840586932,0.021254249206487177
206,0.04877604508638908,24.00350878210418,138.07622384061747,0.032589293421808226
207,0.04891998019355112,24.125759377851644,122.23005610077577,0.04138207237890265
208,0.04918111124888877,24.232514112847415,106.38626538944605,0.047183454587948155
209,0.04933316170257806,24.32101823709467,90.57913211391282,0.04933064161700711
210,0.04947470552775531,24.388993484857195,74.78601047841978,0.047740738250479205
211,0.04961725470155549,24.4339435204464,59.03730257883065,0.042546916774508704
212,0.04975438838318189,24.454595386281166,43.29538127731138,0.03411955363243404
213,0.04980769559218225,24.449819034205056,27.453326300724335,0.022962637311619145
214,0.04988770494115424,24.4188381392441,11.755359887389893,0.010163788637055695
215,0.04992722964511522,24.361976064411046,355.8992562465081,-0.003570315766035205
216,0.04995201505257324,24.279797898748942,340.02101477158556,-0.01706737785735603
217,0.04991956652245109,24.173301934057005,324.1555985818315,-0.029232200976138215
218,0.04988861724101754,24.044704771826332,308.1720257464361,-0.03922037211942696
219,0.04986391644468484,23.8964067357105,292.1223456649707,-0.04619302621220054
220,0.04972106478716758,23.73112882799176,276.04037193584884,-0.04944501320210179
221,0.04962160210506525,23.553013538904676,259.7970039791923,-0.04883690329749853
222,0.04948815162285418,23.36594568629497,243.5747762734174,-0.04431742805301583
223,0.04927493020077951,23.17438142192591,227.1100934539633,-0.036101908623117
224,0.04906734915743231,22.983719398482595,210.66617305284612,-0.02502607423026726
225,0.04881909581825633,22.79901004412449,194.1128129673221,-0.011903652727780599
226,0.04852519530980572,22.625344213459254,177.36502321522585,0.00223083964576447
227,0.04821314492218652,22.468408703236037,160.65587135714236,0.015970180017061585
228,0.04779527408047468,22.332701661918293,143.82767378479735,0.02820952774356751
229,0.04747558962749812,22.22241496086227,126.87860781385304,0.03797614088803851
230,0.04695398297517594,22.14150055791648,109.96152405108876,0.04413308564079526
231,0.04648061415810693,22.092280083068495,92.96057768344384,0.04641857685815256
232,0.04599557468036729,22.076174918563037,75.97859071926919,0.04462514855667067
233,0.0453851924631204,22.094210044103146,58.964395056055,0.038888169567083436
234,0.04479010357558832,22.145103598080578,41.97929116988585,0.029958396574625755
235,0.04418323868476435,22.227343654572252,25.144028412503193,0.018773244862790753
236,0.04348403759952112,22.338466949310227,8.197150226012175,0.006199941213982046
237,0.04280799112463103,22.47444863716683,351.49091013531,-0.006334140687457103
238,0.04204867189332648,22.63108244351482,334.8552417002469,-0.017866762632336167
239,0.04131366617796148,22.803850933562984,318.2918089006589,-0.02748751436947061
240,0.04053394900205211,22.9870550099506,301.88208536269354,-0.03441887069085128
241,0.03965357930083298,23.175726235345874,285.63335586592416,-0.038186628706148265
242,0.03889370712192364,23.364679830215163,269.4973349888359,-0.0388922103397352
243,0.03798219861255549,23.54858236812344,253.46983986095353,-0.03641239807142573
244,0.03708543344908912,23.72307475805757,237.6383271580784,-0.03132555273990648
245,0.03622967783906756,23.884014775958033,221.92687197608083,-0.024208002926443442
246,0.0352765044764855,24.027472416191767,206.3463101342555,-0.015655559022665754
247,0.03435753246109897,24.150832698115202,190.85450372549676,-0.006470061041655104
248,0.03341159147408323,24.25172879829171,175.63128056312271,0.0025451171868731723
249,0.03247354721560205,24.328153929331958,160.39311160968285,0.01089698022973633
250,0.03151649295205761,24.379417154126887,145.30553006568508,0.017939193120926532
251,0.03055935536549236,24.404994896567022,130.4375211704654,0.02325914437757875
252,0.02960721203506396,24.4048383880315,115.56635801345799,0.026708253722560412
253,0.02871700662933571,24.37989204695327,100.85313150843562,0.028203347427452813
254,0.02773452768024632,24.331352675083668,86.2537564512772,0.027675264793409548
255,0.02689454311859901,24.260662852503454,71.781347003419,0.025546328241020107
256,0.02603822593683855,24.17045204928353,57.39232032465146,0.02193408532041132
257,0.02518621762272003,24.062872016190017,43.09503016318353,0.01720748674394016
258,0.02443714923794829,23.94094249118051,28.964191555998248,0.01183400500040661
259,0.0237341844564871,23.808149649228604,15.009420056988343,0.006146628072596441
260,0.02304379758290925,23.667780426568147,0.88945000164204,0.00035771365273703723
261,0.02246710280941381,23.523382947639483,347.2802221013016,-0.004946872648357982
262,0.02194577126593797,23.379011490765848,333.4899427222935,-0.009795602459804048
263,0.02150118335733779,23.23789627055189,319.7861497643338,-0.013882073539393193
264,0.02113193919514467,23.103529628514963,306.3350153596177,-0.017023178762268238
265,0.02085061154059965,22.979094568256127,292.7751069287223,-0.019224919111463446
266,0.02070294744750284,22.867068001331376,279.21504860819414,-0.020435760147247038
267,0.020563047360545,22.769552536763193,265.8146828434056,-0.020508210088790082
268,0.02056209790014845,22.688356024773032,252.16935773266826,-0.01957441332233262
269,0.02068870751577395,22.624339278338137,238.66532932114018,-0.017671141673618985
270,0.02079750978512158,22.578228546219496,224.84271903721165,-0.014665635669215273
271,0.02105006094176504,22.55027988506254,211.10250498693225,-0.01087384607558155
272,0.02139803909627962,22.540235417080968,197.1671306148828,-0.006315844755000036
273,0.02171179411249902,22.547633288255213,182.99402664712545,-0.0011340470465414207
274,0.0221839919259094,22.571755984082962,168.76045651910886,0.004323911255210209
275,0.02261704180336794,22.611510750699754,154.45267061797807,0.009753747048822476
276,0.02316311110775665,22.66560296199737,139.7187942149563,0.014975867977528817
277,0.02366614419744436,22.732570515046397,125.10121046493616,0.019362161689282672
278,0.02423398652443165,22.81055580371586,110.28609444825575,0.022730827646484722
279,0.0248453740031315,22.897629878081556,95.14376677087775,0.024745318470897976
280,0.0254070364696754,22.991689975205826,80.16746154626335,0.025033834469189983
281,0.02600337924049872,23.090534219379464,64.858135790354,0.023539782900741327
282,0.02665793433987437,23.191916849209893,49.582467085537616,0.020295750200232634
283,0.02723340562534037,23.293902765795334,34.1656800079877,0.015293949941472243
284,0.02783359648726426,23.394295761173225,18.649324274615736,0.008900491026024932
285,0.02847596333974412,23.491372276631736,3.2360665710818433,0.001607467925473637
286,0.02904277458331833,23.583345975274497,347.54241430410116,-0.006265015348271221
287,0.02963710754616381,23.66880650652869,331.93358916574294,-0.013944100865059384
288,0.03019063900556946,23.746204747883557,316.3835659504569,-0.02082632482673059
289,0.03077102759594843,23.81447333907055,300.5768499192229,-0.026492243356633617
290,0.0312800753513351,23.872272814671224,284.87511855672034,-0.03023180656449075
291,0.03177457713013931,23.918662203092847,269.2142564442476,-0.03177158927616552
292,0.03230038723454317,23.95267433044469,253.3345481724291,-0.030943628628457225
293,0.03273059589254532,23.973489397301847,237.61389682425897,-0.027639609060732956
294,0.03315037565951402,23.980425543547078,221.72749703613093,-0.022064512125090852
295,0.03358254766379704,23.973060108155558,205.92992087690303,-0.014684690785431435
296,0.03395658563724804,23.95106905289093,189.98717113152577,-0.005889011492804222
297,0.03426903507840727,23.914458300627977,174.05347251119719,0.0035502809118267394
298,0.03464468016760004,23.863591271397087,158.1351148654518,0.012902339552541782
299,0.03489118463527545,23.799043489557548,142.08083145216256,0.02144234811022315
300,0.03519340742107471,23.721826408830673,125.99876742160782,0.028472509699225376
301,0.03539533222622132,23.63343284130947,109.91313617446042,0.03327904756534526
302,0.03561983139805934,23.535493861463028,93.7299970054873,0.03554437776117466
303,0.03582822832275942,23.43002817481968,77.43013662954476,0.03496947465493392
304,0.03593126987607136,23.31955510137779,61.153233559818474,0.031472672397430464
305,0.03608944330674388,23.206472901772848,44.75717394021548,0.025410708414115336
306,0.03623343499597347,23.093776559010866,28.272400354882013,0.017162474623477288
307,0.0362405530963081,22.984317528859407,11.715412790507537,0.007358669776487195
308,0.03637827952286386,22.88111006698721,355.14632341331145,-0.0030780154880289267
309,0.03640017621167555,22.78722281301627,338.45996782474174,-0.013364368875080402
310,0.03641805949210995,22.705709654927684,321.69689594081007,-0.022572697972112653
311,0.03643853427012698,22.63913856596636,304.92742656549365,-0.02987514913571198
312,0.03640985817203668,22.590324850989806,288.1604931376626,-0.03459618076500521
313,0.03640880686699814,22.561188575083765,271.17176211002567,-0.036401193181190464
314,0.03631765098906566,22.553169306275684,254.40852181956146,-0.03498125417391157
315,0.0362573203267726,22.567335440480697,237.4514504353656,-0.03056259557791071
316,0.03619144465302786,22.603857685104675,220.56340659300437,-0.02353490402091604
317,0.03604309295733199,22.66195653393226,203.68497547651359,-0.014478786207200701
318,0.03590548324424722,22.740631763667007,186.79176583702676,-0.00424622786096453
319,0.03580584822467276,22.837660226378503,170.0350758058205,0.006196032221805812
320,0.03557862940927727,22.95051433005858,153.14221419462285,0.016073625348819225
321,0.03541522751208326,23.076205976949502,136.43684525428867,0.02440653533309505
322,0.03520248393414452,23.21114706905084,119.80590329086219,0.030545696755326493
323,0.03497906628881385,23.3515144349649,103.05053834049235,0.03407560126698988
324,0.03473291043135054,23.493709132708158,86.52922572084053,0.034669203622872506
325,0.03444742576718927,23.63349368906358,70.0180895267452,0.03237370992892607
326,0.03421227369374735,23.767004339223103,53.45876923944928,0.02748711951893817
327,0.03386744436465978,23.89070871794866,37.08616576446526,0.020422590211268667
328,0.03355434301012533,24.00071673265674,20.630923639476165,0.011822765605711954
329,0.03324147809795685,24.09401669681012,4.28984893940476,0.0024865308705988823
330,0.03286833014629147,24.167976139055792,347.9298200676672,-0.006873084653812422
331,0.03247730540219396,24.220100046818366,331.49877550321975,-0.015497440755814383
332,0.0321093761065355,24.248800547866537,315.29761581417335,-0.022586514766192847
333,0.03169144485614627,24.253183952292613,298.7861622769366,-0.027775111322837654
334,0.03125121113168578,24.232501985894103,282.4328670092541,-0.03051833702333101
335,0.03079466284971756,24.18734197080331,266.0395116639098,-0.030721122661089936
336,0.03033323945206278,24.11856028073282,249.51915134287782,-0.028415850972145086
337,0.02985791643738264,24.027480718191182,232.94059040111853,-0.023826947634685482
338,0.0292697456892955,23.916491892528484,216.36405072274144,-0.017354434757150684
339,0.02881110565954423,23.78834624786299,199.6359644175027,-0.009681765502403407
340,0.02821462091509545,23.64590574910109,182.8001302851874,-0.0013783418173555417
341,0.02760579274186158,23.493220067352915,165.8865025466005,0.006731492642841253
342,0.02703886036995627,23.334124529562164,148.8818964006434,0.013973787289559756
343,0.02639731253617801,23.172760414620157,131.72278795623492,0.01970225572514869
344,0.02572726884065074,23.013804473366026,114.39186358414439,0.023430912394033842
345,0.02508584464908433,22.861629630634635,97.07930885698545,0.02489460294325078
346,0.02435912094938033,22.720365426005724,79.5442351909264,0.023954645282675234
347,0.02369240006272321,22.594593685502325,61.865405489996284,0.020892960892462967
348,0.02290554603414796,22.48773163185493,44.17201225945674,0.015960924039252877
349,0.02218176919957173,22.403010354900974,26.35681329468545,0.009847816257977832
350,0.02144535397683085,22.343310536748593,8.35466495257278,0.0031160147643173397
351,0.02059766145720418,22.310060702713074,350.41974105506506,-0.0034280485164934825
352,0.01983391735934655,22.30412051958172,332.2626289359866,-0.009231090772396948
353,0.01902341658549881,22.325861540625166,314.2792518163033,-0.013619731397409072
354,0.01816134110483753,22.373931727552808,295.87524129038064,-0.016340602117102816
355,0.01732684869922942,22.446640093584378,277.77550955974976,-0.01716754149500116
356,0.01646937422043751,22.541689193596174,259.52160821393505,-0.01619472377073607
357,0.01560147475327951,22.655765360655344,241.0004853016068,-0.013645421344925949
358,0.01472334746262509,22.78542504859829,222.75614158892225,-0.00999537809176543
359,0.0138021345605411,22.927034817417294,204.23666369063133,-0.005665867572298184
360,0.01298722232500688,23.076543105520983,185.6141386014153,-0.001270520274291099
361,0.01203125161959401,23.23013177572072,166.90173324166145,0.002726544425332989
362,0.01116040497106654,23.384130569387818,147.93301169580297,0.0059251751925537294
363,0.01031507406271335,23.53454824869295,128.88851496313194,0.008028933977579726
364,0.009421275935596598,23.678303970180362,109.24633016014596,0.008894722099215588
365,0.0086067796057915,23.812180408054207,89.20985191063099,0.008605961187123059
366,0.007766409620259093,23.933132914775964,69.16747438029361,0.007258672350849107
367,0.007047118254425189,24.038884817111857,47.57839946055363,0.00520219027666356
368,0.006289573724337137,24.127612058847436,25.44848008876067,0.0027026255859801222
369,0.005604140044093188,24.197372777190154,2.6046805056624174,0.00025467786968354493
370,0.005100121378910189,24.247494625268818,337.5357080735388,-0.0019487950107281186
371,0.004591517695711625,24.277394840662243,311.37876569435116,-0.00344527333851272
372,0.004297704467318481,24.286894063225304,282.989117922538,-0.00418773812208918
373,0.00415504831859073,24.276584833309805,254.40605789655598,-0.004002105121644671
374,0.004219429047521569,24.24731031687127,225.0966617201677,-0.002988616149773316
375,0.004480094743390089,24.199894881836144,196.5077814325691,-0.0012729990339455303
376,0.004816116600960527,24.13610980921777,170.18616786007274,0.0008208944940490538
377,0.005334285438159944,24.057270600651577,144.9322569800937,0.0030647846288534156
378,0.005903714738326471,23.9650092822356,121.86434894186185,0.005014026890669104
379,0.006493822793385644,23.86145467600471,99.03065895312952,0.0064133285555717685
380,0.007123678024239549,23.748414179757646,78.13759466656849,0.006971545294011596
381,0.007765744255851825,23.627901065227256,57.60416733109492,0.006557137371717236
382,0.008424945609961286,23.502324242194728,37.213185763689474,0.005095258895415394
383,0.009048823592755295,23.373998125718025,17.76266739868482,0.0027605685425985678
384,0.009630265113360124,23.245077028417363,358.4052546955719,-0.0002680099181676888
385,0.01031940120180289,23.118326616736447,339.26713093355374,-0.003653185924313264
386,0.01082454061046565,22.99615170108868,320.23607837043517,-0.0069236553930858155
387,0.01140325218013554,22.880840950094317,301.4759936538648,-0.009725366377281903
388,0.01194806704066645,22.774839889991284,282.83797939559764,-0.011649392644771201
389,0.01241430577730808,22.68024753006234,264.06866491291277,-0.01234784518400181
390,0.01289296479989059,22.598737893983795,245.4065642275785,-0.011723363965671548
391,0.01329930701973279,22.53210738630537,227.06791766183093,-0.009737242165379979
392,0.0137172572634897,22.481547451981548,208.25320407879406,-0.006493323357329381
393,0.01409028478244809,22.44797342117473,189.8347616613242,-0.0024067237836876702
394,0.01438329187400027,22.4320284009769,171.31680496933163,0.0021714583245197572
395,0.01474598318778947,22.434148822275578,152.91903442263953,0.006713096187197545
396,0.0150130139059364,22.454072287523385,134.4253326491833,0.010721742982953121
397,0.01521101072452235,22.491928974016528,116.07900472414018,0.013662358333472315
398,0.01549795385847949,22.546961147173274,97.85501496510068,0.015352537653552645
399,0.0156330828524705,22.618260548159185,79.56845994339491,0.015374698477533005
400,0.01581021600848109,22.704797362961862,61.32445635983917,0.013871109842056346
401,0.0159060868772397,22.80494604065427,43.372209517817566,0.010923266818971999
402,0.01600250620351473,22.91657594358008,25.306686810740008,0.00684048528005759
403,0.01606745220400523,23.037739764848368,7.2099630642448576,0.002016557619886737
404,0.01603972314097369,23.16575924913833,349.55166875454495,-0.0029087839373398362
405,0.01605923168932169,23.297746528518093,331.57376379882044,-0.007644627199137289
406,0.01600686610474865,23.431021945868785,313.9068655952869,-0.011532435098131507
407,0.01589944727486439,23.562718344260098,296.18548924795743,-0.01426768949481934
408,0.01579493139836103,23.689756794666867,278.49427955686247,-0.015621670727566853
409,0.01566397640639049,23.809664281657735,261.06833589769025,-0.015474038401223347
410,0.01547981275337371,23.91992569807779,243.188830952599,-0.013815700513097861
411,0.0152789838956167,24.0180606048247,225.85388945374754,-0.010963679479893091
412,0.01505612090877501,24.10210554750909,208.32068625395726,-0.007142715127775655
413,0.01483621710652428,24.17008422243652,190.5819184482513,-0.0027245398843443324
414,0.01453669798341368,24.220388978785053,173.1837912817171,0.0017252860964395488
415,0.01424249557706952,24.25177998106888,155.62127447797366,0.005878821571020795
416,0.01400042875646502,24.263237332864122,137.91558310240706,0.009383434482208068
417,0.01358982705757802,24.253970987713448,120.3281554746809,0.011730025502984411
418,0.01329468734713778,24.224184573249488,102.562969690298,0.012976379883802222
419,0.0129369844335941,24.173780054075777,84.88790077502605,0.012885524619025588
420,0.0125567308246453,24.103661718553575,66.82305385616056,0.011543324463342185
421,0.01216527307404364,24.015344496288616,48.79901767190874,0.009153195446242
422,0.01177146991522345,23.910419968377514,30.895409912296007,0.006044326191888167
423,0.01137429980695119,23.79117274329957,12.187960447155332,0.0024013354365200906
424,0.01096403625699565,23.660608349432394,353.89095609878916,-0.0011668039451737907
425,0.0105140965867046,23.521472416360186,335.03485360151484,-0.0044376518098776995
426,0.01013896848666734,23.377389612883672,316.08517302501446,-0.007032269601458642
427,0.009707460424182666,23.231996698789345,296.7306647250178,-0.008670031745861716
428,0.009266702352194438,23.088805973402103,277.05094273388744,-0.00919662201730512
429,0.008910230926964625,22.951794985312958,257.30928384501317,-0.008692555354254384
430,0.008510988719764169,22.824719566863543,236.81717956175007,-0.007123088658083421
431,0.008154132937147717,22.710753860329433,215.8570196961724,-0.004776401935906552
432,0.007805196816243368,22.613445091154503,195.2810359793798,-0.0020570891391361035
433,0.007545203109106654,22.535587993964153,173.2785101413313,0.0008831149896574652
434,0.007277082568295895,22.479209973453557,151.4381411273901,0.0034792262183126607
435,0.007052220481894557,22.4462076193969,129.25237494769024,0.005461002709036474
436,0.006910200498717729,22.437510243298547,106.42413212166078,0.006628229570244025
437,0.006846127359380567,22.45304329733876,83.88508058281657,0.0068071745378308025
438,0.006779631457000443,22.492465315705896,60.25368201224732,0.0058862841736201195
439,0.006849302859686331,22.554355537673583,37.78731490476079,0.0041967877311790015
440,0.00696835898683484,22.636310146226823,14.729929313757085,0.0017717970932590223
441,0.007170365896010138,22.735942697818878,351.8567264819181,-0.0010156746014030721
442,0.007413317296603303,22.849820906062675,329.85959652962833,-0.0037223800283818186
443,0.007711142811422111,22.97411532835166,307.88366846729826,-0.006086090005655955
444,0.008155024870025111,23.10536911131493,286.5956813532261,-0.007815320013504018
445,0.00851199448153463,23.239498356443193,265.48971080305745,-0.00848563477489517
446,0.009000600122799098,23.37244593627878,245.11826496239703,-0.008165148106430686
447,0.00953939474078149,23.501057067775097,225.2631349925625,-0.006776278065754752
448,0.01004902631775946,23.62164956961308,205.29035580711002,-0.004293001116587638
449,0.0106457338626393,23.73127064485899,186.18187436535558,-0.001146384239849153
450,0.0112251055311687,23.827540136577465,167.33034003346376,0.0024619978539444916
451,0.01189068433579412,23.90812565221025,148.42195697876136,0.006226669425904968
452,0.01250731868587357,23.971219261772763,130.16013135914986,0.00955865549831973
453,0.01316125440052853,24.015870848755988,111.89509780009055,0.01221190894552361
454,0.01387234049659447,24.04094229349182,93.8167115132343,0.013841572972675542
455,0.01453930629540264,24.04631784728153,76.0309920516382,0.014109327293430375
456,0.01522893381230978,24.032379636641817,57.99148304685221,0.012913668571253048
457,0.01594665533535357,23.999681327365543,40.596782261543034,0.010376992149754091
458,0.01667409695712453,23.949585406067214,22.7418591250298,0.006445871180175948
459,0.01737464601817196,23.88398769648865,5.150389336625247,0.001559726151374827
460,0.01811016710959944,23.804735582000443,347.7256464519516,-0.0038500952030385022
461,0.01884166301135621,23.714436031983798,330.0791401375067,-0.009398284076713828
462,0.01961027556172087,23.615898022923705,312.5749084391548,-0.014440878300950845
463,0.02027484986370036,23.511755433797866,295.06909937557856,-0.018364907215082882
464,0.02107452200629077,23.404997527627124,277.5645977462313,-0.020891111924690016
465,0.0217962393761039,23.298600747082624,259.99281949674554,-0.021464631021758173
466,0.0224780677583272,23.19524554471077,242.43236202666267,-0.019926022999890332
467,0.02323499151387623,23.097738246951586,224.92455636102497,-0.016407972287385095
468,0.02393784878026566,23.00859898331446,207.3237674781915,-0.010987906628312831
469,0.02460563987178603,22.92986564239432,189.62968480336747,-0.004116020769937467
470,0.02531258326085957,22.863632819976512,172.12165800785667,0.003469598828533669
471,0.02594921852635149,22.81130567021007,154.4372693130775,0.011197062893878435
472,0.0266552791935854,22.773979892603606,136.77556582088013,0.01825507899503055
473,0.02724550286117106,22.75234620303579,119.12510415618279,0.023800555629844202
474,0.02787650976004813,22.74664606417765,101.54493050075924,0.027312513941760805
475,0.02854989631666734,22.756491535942764,83.86927723609212,0.028386614348346755
476,0.02905426361464507,22.781299943900166,66.32321161747129,0.026608631287303706
477,0.02968039942704419,22.819847519676028,48.73934963677485,0.02231126772319893
478,0.03021644031403301,22.870759663999454,31.29631256397897,0.015696356566024253
479,0.03071814160116728,22.932317963168835,13.725744345875068,0.00728863666846783
480,0.03121474907282568,23.002635597184202,356.33964155689426,-0.00199280761861425
481,0.03167186905218078,23.07962019762763,338.99494597251976,-0.011352790923374819
482,0.03212582107777302,23.161395959068564,321.5320128416699,-0.019984743176531594
483,0.03252159725674211,23.245684664938203,304.31614967143116,-0.02686086928778514
484,0.03286552142186201,23.330713117021187,287.02919809983035,-0.03142455361332701
485,0.03328602102231919,23.41457447899443,269.8181145045113,-0.03328585330326952
486,0.03354829414978246,23.495563417473083,252.66827177123852,-0.0320250666708255
487,0.03382680424877053,23.572075004648667,235.53399613984953,-0.027888918662557258
488,0.03410769434046519,23.642679660125008,218.52320236869423,-0.02124334672799063
489,0.03427263355967582,23.705973672354283,201.43909246425068,-0.012527057175201289
490,0.03446324973959906,23.760802831637644,184.42518546757273,-0.0026590911100641467
491,0.03455393421664913,23.806194173999497,167.55443864875596,0.007446784177294442
492,0.03467877795259861,23.841211412137365,150.53214017094885,0.0170597134771266
493,0.03469364815359981,23.865193533242863,133.59859305876697,0.02512475126261756
494,0.03466864143711035,23.87757229822309,116.8013219309784,0.030944377037153383
495,0.03468501753756766,23.878109343277185,99.79922184956091,0.034178970417515185
496,0.03455611771501314,23.866762874492636,82.99754627535243,0.034298361269564925
497,0.0344345055446604,23.84373910487841,66.08903040519587,0.03147921134611202
498,0.03427742675938809,23.80935049918004,49.26266468655177,0.025972323397346276
499,0.03407668251166384,23.764194331301216,32.405435074717495,0.01826192879204258
500,0.03378300500269078,23.708903437251863,15.491602087941343,0.00902334377092389
501,0.03352530534728829,23.644364502498966,358.7234327444976,-0.0007468921208554786
502,0.03316958611869843,23.571447143874554,341.8148989178155,-0.010351825872315736
503,0.03281171580946989,23.49141994014472,324.93203682985535,-0.018851895696149833
504,0.03236636632205193,23.40537353907693,308.1303447797249,-0.025459646542585538
505,0.03192559678351176,23.314925194406115,291.24734639144,-0.02975544330589948
506,0.03145355907735934,23.221726241088287,274.355490619896,-0.031362722753105525
507,0.03087777156718629,23.12763657265569,257.5516463109053,-0.030151857041845073
508,0.0303153678627213,23.03478047030802,240.67864514909584,-0.026431569468553594
509,0.02974672594355028,22.94555174224896,223.88012281103016,-0.02061899696614962
510,0.02902841312886941,22.862129042411542,206.9723853288124,-0.01316615641644891
511,0.0283961031427667,22.786902211674185,190.260169700174,-0.005057862913102959
512,0.02768183006354633,22.722042306714823,173.45770699065346,0.003153973327251169
513,0.02692128974717129,22.669474446531634,156.68042876527568,0.01065704034821981
514,0.02618758507424591,22.630991542304617,140.04756753732707,0.016816394689671586
515,0.02535535149624736,22.608070396445232,123.50228532068286,0.02114290991737703
516,0.02460307189701201,22.60153890080323,106.86428544991182,0.023545007033650697
517,0.02371868559027079,22.61218544736114,90.56815418208275,0.02371751946766444
518,0.02287604524080394,22.640161875354618,74.25327112050613,0.02201752400624235
519,0.02206663823025527,22.685192215098372,58.12239226699312,0.018738506950015277
520,0.0211525508806366,22.7467803321711,42.13137732228561,0.014189826039893392
521,0.02028191150022556,22.823865901128936,26.377163795318303,0.009010809973031084
522,0.01948478391339514,22.914868171787337,10.9287022488558,0.0036940681622027274
523,0.018569715116428,23.01808444802777,355.5173582694819,-0.0014513544703502097
524,0.01777308862832822,23.131318792062615,340.6313204275528,-0.00589436441544889
525,0.0169484719485143,23.251763761274596,326.0937288315157,-0.009454466994341462
526,0.01616965913264767,23.37683360752067,311.69651070126747,-0.012073539951690892
527,0.0154273021230451,23.503365270819668,297.8941566444443,-0.013634855535133333
528,0.0147028857931341,23.62810504204513,284.63962533542394,-0.014225550868392826
529,0.01409979186059491,23.74798097015232,271.4260386942344,-0.014095424916405272
530,0.01349111950537301,23.8598736243741,259.1093096194944,-0.013248136680638472
531,0.01300100593688336,23.96070545931268,247.0028001837204,-0.011967737317296112
532,0.01262912918781597,24.048212723583546,235.309118968319,-0.010384107426618163
533,0.01233727669792518,24.119954796117455,224.12059217224675,-0.008588852369687644
534,0.01212579534855594,24.17411625612071,212.88203628299547,-0.006583229868329383
535,0.01214381059352427,24.20955280452509,202.27271155280212,-0.00460269200522611
536,0.0121808622808145,24.225188761960606,191.17197060713744,-0.002360096145563116
537,0.0123652473670554,24.220441559005877,180.1828847096217,-0.00003946906479465797
538,0.01271514881510693,24.195648018380403,169.11206022140513,0.0024017485117254784
539,0.01309844096297273,24.150809076441814,157.40998098072728,0.005031562974584881
540,0.01360571933394534,24.086788368728442,145.3772311001848,0.00773037255060569
541,0.01419402271928423,24.00491271709018,133.3050278165356,0.010329168793639518
542,0.01484742086522011,23.906576611284432,120.19175583733414,0.01283332622790356
543,0.01555519159921815,23.793952168185733,107.11961434922573,0.014865976813170182
544,0.01629235650845513,23.669635530442054,93.5278760257128,0.01626148214158692
545,0.01711035973283408,23.53624867372522,79.47467545895503,0.016822465337701886
546,0.01794666487038934,23.397196115192965,65.15875422528681,0.01628615491599146
547,0.01874011401320901,23.256144353216566,50.57194580560676,0.014475289326880617
548,0.01967612227265422,23.116352628804883,35.62993812333614,0.011462280780778555
549,0.02051932242117651,22.981700766324067,20.51833759445184,0.007192169151264177
550,0.02139234116610873,22.855853927724677,5.066766092627702,0.0018892974940184493
551,0.02229070503360143,22.74171511221469,349.595495399973,-0.004025622713806278
552,0.02317777327604988,22.642366878513066,333.8039738564904,-0.010231680154488944
553,0.02403043136568263,22.560389035121883,317.8200453085047,-0.016135506434193994
554,0.02491805411228519,22.497305549576883,301.9181363157483,-0.021150553323627738
555,0.02577077535689831,22.45473897882759,285.7107182946341,-0.024808007756041302
556,0.02664902857475928,22.433561330523528,269.4258680955811,-0.026647690667991917
557,0.0274460540931618,22.433664215654982,253.23874010436234,-0.026280000397602494
558,0.02831819569072581,22.45490299396863,236.84134630962635,-0.023706838989591413
559,0.02912904519615751,22.496464822516558,220.4402888808891,-0.018894707640658735
560,0.0299166105879299,22.55649271267095,204.1100819158798,-0.01222066853187255
561,0.03071779711416244,22.633486960216405,187.63864730904905,-0.004083161878688855
562,0.03152351158009947,22.725033541123977,171.33861013365666,0.004747272687038671
563,0.03225592340527535,22.82834446270086,154.83836763477817,0.013714356958595495
564,0.03302581628479857,22.940778645073284,138.5707320233981,0.021853015943802442
565,0.03378626601394707,23.05936424524079,122.24351237303108,0.028576026390219916
566,0.03449218887020383,23.18090607159576,105.85777212830061,0.03317951827552878
567,0.03522967540212076,23.302804674519596,89.67053453130674,0.03522909296105177
568,0.03589878456493633,23.422143518685004,73.43464852103155,0.03440881139081672
569,0.03664551828671962,23.53628683704325,57.162226553425526,0.030789904840170707
570,0.03726783370844961,23.64311051515651,41.01775207636467,0.024458612082786095
571,0.03792852655069014,23.740677663716635,24.86824665923343,0.015950199507247853
572,0.03864812109053306,23.827152160438356,8.698429478024025,0.00584489930913833
573,0.03919540033831342,23.901450380873577,352.5772027144954,-0.005063660045777313
574,0.039849836888456,23.962455847582486,336.4493373504913,-0.015922393056588238
575,0.04046248649783097,24.009344353901916,320.38334610574475,-0.02580082052624115
576,0.04100309683722023,24.04181937176396,304.1993748728074,-0.03391311633381489
577,0.04158433842435337,24.059633626903928,288.1088048301895,-0.039524582047831734
578,0.04210116252216517,24.062732111416523,272.0049617536877,-0.042075388233089206
579,0.042608025499491,24.051533182304308,255.7692460020707,-0.04130053600453555
580,0.0431169487086567,24.026582083843635,239.62865774243068,-0.03719986605134505
581,0.0435131930309392,23.988438908607094,223.38260652041754,-0.029887772456250013
582,0.0440367918113605,23.93835136806017,207.13273307270725,-0.02008312913024819
583,0.04439732448530393,23.877395918834058,190.78560902233937,-0.008308275010106598
584,0.04477917312977007,23.806957771301622,174.45335701513608,0.004328177840113199
585,0.04520759566129567,23.728654563109604,158.0528576077361,0.01689638727733413
586,0.04550210096770997,23.644096730944273,141.59296187113628,0.028267909185536216
587,0.04585140384881304,23.554796037876606,125.04885326320846,0.03753683345304575
588,0.04613396147430833,23.46259252325268,108.58109080069862,0.04372916524418924
589,0.04642237248505918,23.369086779313694,91.91701866534133,0.04639639098393502
590,0.04664277851211263,23.275939058767552,75.27231505668229,0.04511033122263947
591,0.0468312393873775,23.184794570513695,58.62037896537295,0.039981517612617486
592,0.04703171453234251,23.09731069288208,41.83888390581701,0.03137195188044002
593,0.0471613201990468,23.01498562782815,25.05204538344262,0.019970052810131048
594,0.04722230243628928,22.93956951353572,8.23948504682201,0.006767475299700457
595,0.04732742925137765,22.87253021532718,351.34953184888275,-0.007118339591562736
596,0.04732756868345988,22.815356889632085,334.46454986804486,-0.020401469632193338
597,0.04730513721575612,22.769383159237695,317.4718914659183,-0.03197599381331085
598,0.04723064045831766,22.73567704168559,300.5496686462609,-0.04067450146880748
599,0.04716579384220247,22.71493027278948,283.56063373476513,-0.04585092142806765
600,0.04696963605396184,22.70776497131114,266.46382766664897,-0.046880208589283566
601,0.04680918160763092,22.714198089127553,249.54216647752392,-0.04385691100837785
602,0.04657048099548491,22.73398919717894,232.45317829094506,-0.03692366664615332
603,0.04631982706077414,22.766826774330926,215.42758418700197,-0.02685037794622564
604,0.04599097265352028,22.81177745279593,198.43273005272817,-0.014541932929664084
605,0.04563952898534408,22.86776154025317,181.44152830107407,-0.0011481427180994755
606,0.04530546415932658,22.933696157729965,164.47617541686154,0.01212551126467949
607,0.04479995601816242,23.007945244265148,147.5484835344967,0.024039017574043586
608,0.04437448229231041,23.088923694324034,130.65507559113036,0.03366449685373682
609,0.04386733065904813,23.174970454109218,113.86032405257185,0.04011817795811887
610,0.04328246810752763,23.263908936320856,97.01177162020889,0.04295876251946869
611,0.04271279421230004,23.353751194420884,80.31005870961899,0.04210341220772928
612,0.04204808929334817,23.442360205677737,63.68087753506729,0.037689321514577184
613,0.04139587023689277,23.527500470245844,46.99024061272125,0.030270213650997257
614,0.04065240534595348,23.607066262163716,30.51093653949553,0.020639340846175136
615,0.03984824994172678,23.679149460585638,14.015962443310041,0.009650935633253139
616,0.03909998189558195,23.74172633733574,357.59072111629644,-0.0016436638543920494
617,0.03818643011949701,23.793388389499267,341.22208462588213,-0.012292241865291955
618,0.03726254883885464,23.832801883944338,324.9191173473787,-0.02141598800089561
619,0.03640764958174857,23.858974110334515,308.70475044539415,-0.028411749343507892
620,0.03533602427983689,23.871377825517435,292.4248020791191,-0.03266394910769491
621,0.03437760576042678,23.869916044278195,276.31128550472886,-0.034169254157819635
622,0.0333236712701508,23.854591792505605,260.2277141634521,-0.03284014860280448
623,0.03226702977381801,23.826014852698158,244.13678253398513,-0.02903509985944091
624,0.03119016991007856,23.784975490217224,228.1022699337314,-0.02321602880640792
625,0.03004760818949327,23.732425576957528,212.27486924076308,-0.016044868512361084
626,0.02898663672901118,23.669818134350848,196.28652554117392,-0.008129040817771296
627,0.0278237131088173,23.59873846001892,180.55654310047407,-0.0002702616524994719
628,0.02667064937475901,23.520784736664332,164.8204509762432,0.006983568503813632
629,0.02557615379672048,23.438192056410156,149.2310386009277,0.013084184027057504
630,0.02442639316313967,23.35309768779187,133.74194787080884,0.017647119790144487
631,0.02327795275679526,23.267760066651476,118.37694234465081,0.020480871812774203
632,0.02220997042857949,23.184868410015486,103.29631351335297,0.02161460268681067
633,0.02110547135988327,23.10679190566065,88.33440487518827,0.021096554168390062
634,0.02004350426042541,23.03579438559786,73.5337971420189,0.019221462036155216
635,0.01901361504470061,22.9741760919771,59.36836639835396,0.016360471338557683
636,0.01805061803884445,22.92367107737238,45.119800357879285,0.012790374286475125
637,0.01711162955016295,22.885658529606047,31.45469677995147,0.00892926286450548
638,0.01626441402298766,22.86121684773317,18.274643045425847,0.005100068823112031
639,0.01547812237519283,22.85065219803638,5.3080268335780465,0.0014318823742690103
640,0.01487020319661532,22.854050324410334,352.9304962889522,-0.0018301246818684359
641,0.0142509182911797,22.871096072770946,340.92137281008127,-0.004658131905207726
642,0.01390009449397551,22.90090728753915,329.32170593162726,-0.007092066387146784
643,0.01364003936651809,22.942410049565105,317.9322606885421,-0.00913894558033174
644,0.01349023618025032,22.994390858535837,306.6855000667406,-0.010818182747504613
645,0.01357663109324639,23.05511978383397,295.56279203496877,-0.012247654500626015
646,0.01378681543989808,23.122875329926167,284.25120241739705,-0.013362536447786115
647,0.01407319918578725,23.1957221933287,272.5060651170612,-0.014059739558371061
648,0.01458987396865045,23.27157459964028,260.820220642618,-0.014403016030457
649,0.01513828276229563,23.34817390901236,248.41700241933987,-0.01407687243987375
650,0.01579638025681307,23.423449762471815,235.62847137658218,-0.013038239687424746
651,0.01654529914728756,23.495153861690262,222.64935333281133,-0.011209601926461421
652,0.01733106570455336,23.561399742575738,209.1459479860886,-0.008440851877358603
653,0.01820565674769029,23.620317865094325,195.160940373156,-0.004761348122554092
654,0.01904629971492037,23.670390713135177,181.17846904020632,-0.0003917198121389293
655,0.01998460355146715,23.7105532868821,166.67040669984456,0.004607497390113848
656,0.02091696032452808,23.739913748681886,151.97523445461246,0.00982789999931084
657,0.02182458408731394,23.757922167516213,137.16117371405258,0.014839371862160554
658,0.02275948930503391,23.764540337312148,121.97923672589296,0.01930551095109175
659,0.02371987248458514,23.75983121067559,106.88428697014304,0.022697386379891698
660,0.02459155815307574,23.744191133752718,91.31926919560621,0.024585039491380686
661,0.02548948825493251,23.71828642764817,75.87347594649438,0.02471866406037784
662,0.02639790567762436,23.682849875905653,60.2426695662566,0.022916954328220204
663,0.02720429716427319,23.638805836437975,44.32805067853166,0.019009426709622433
664,0.02805082671567208,23.587313415668618,28.524545235725807,0.013395257075083886
665,0.02881455720339092,23.52949115782811,12.53999763910625,0.006256248474361717
666,0.02962280620017314,23.466631312062567,356.32593527848627,-0.0018982468739691665
667,0.03030860967022752,23.40021313498919,340.23391009088186,-0.010249796154307782
668,0.03101428110512687,23.331547750402766,323.90899294028986,-0.01826956802176048
669,0.0317226932603125,23.262327682495762,307.54325287116455,-0.025152719103826243
670,0.03232723083346736,23.19410985190097,291.11036491252815,-0.030157698502269476
671,0.03292522763116729,23.128444200968843,274.55106046683204,-0.032821414955524354
672,0.03356503482349851,23.06690705080739,258.0658734680125,-0.03283955989670752
673,0.03406922548065382,23.01093741164338,241.33088565123015,-0.029892505503899
674,0.03463234276381298,22.961657968923014,224.6780207499723,-0.024350761453438532
675,0.03511142966098538,22.920256941294742,208.02027560183703,-0.016494787427869407
676,0.035613925694664,22.88752011570062,191.21560678785556,-0.006926963614669366
677,0.03604534541408993,22.864038651718154,174.43529810659345,0.0034953082541066063
678,0.0364204661456243,22.850294186113178,157.7195885050385,0.0138084490896394
679,0.03686596113823934,22.84660030541436,140.8329095554571,0.023283954360447303
680,0.03717016961279328,22.852967688800263,124.05502713204869,0.03079549068491444
681,0.03746600771676585,22.86953516835912,107.21025203458547,0.035788483529033584
682,0.03780495512469946,22.896036592961657,90.4040548342771,0.037804015071826666
683,0.03802146621829216,22.932197114530588,73.53388311446102,0.03646211181958739
684,0.03824082267261918,22.977490673530454,56.72647955781599,0.03197166067385179
685,0.03845649310405142,23.03125718735897,39.92514209957913,0.02468084701284215
686,0.0385830145282447,23.092382974280124,23.11821508049773,0.015148830478302549
687,0.0387591333156953,23.159825780199842,6.285466980359063,0.004243434810252657
688,0.03879890979555992,23.232228688353427,349.56891211004154,-0.007024650898433748
689,0.03891447105911477,23.30803729204912,332.80054967221,-0.017787392007540277
690,0.03895961284982626,23.385820262860218,316.0097300784945,-0.027058861492838558
691,0.03894244518975877,23.463930065728867,299.3464230778492,-0.03394505743169511
692,0.03897414976407244,23.540719160584025,282.5993598183791,-0.03803562102930885
693,0.03896291271326579,23.614688535764298,265.95177673221355,-0.03886569970318702
694,0.03888330847165353,23.684407476844108,249.22658553524641,-0.03635551808841762
695,0.03883105655086475,23.748291978291626,232.6381506974935,-0.030863656442462334
696,0.0387752152901088,23.805055750232704,216.03188074119194,-0.022808951083918446
697,0.03861542501072037,23.853429450095167,199.32862675318873,-0.012781161345682862
698,0.03850065536438853,23.892058288661772,182.8529872522772,-0.0019163103177553564
699,0.03832665822135078,23.9199158834977,166.21054357186205,0.009135340861155685
700,0.03815058717675582,23.936082308042113,149.60062284453707,0.019305127526980215
701,0.0379137990042835,23.93962056218024,133.06993156641883,0.027696817015353755
702,0.03765119159103304,23.930228960946256,116.43564437418145,0.03371419377032555
703,0.03743062876112712,23.9075536861625,99.81729428205746,0.03688251249511406
704,0.03706712903150473,23.871581137871367,83.17716224645679,0.03680462830176672
705,0.03675762173447332,23.822773346012177,66.45145985251688,0.03369651797323622
706,0.03640915699165253,23.761941340331727,49.81725836681368,0.02781624698638206
707,0.03601013479435689,23.689913329251937,32.90759018451454,0.019563790307323442
708,0.03558743920451387,23.608319739889044,16.118222454107798,0.009879792246552065
709,0.0351627155172798,23.51872362837859,359.2618865873416,-0.0004529714804442783
710,0.03468747167407797,23.422807173152147,342.14060050679257,-0.010638031130669676
711,0.03421458283613472,23.322945306571288,325.168131573345,-0.019542350461471108
712,0.03366153375553092,23.22129159040835,307.97635752871935,-0.026534199898891154
713,0.03320428592511721,23.119984613213433,290.7375903999278,-0.031053044094313833
714,0.03260551540822792,23.021693779963748,273.4105328932101,-0.03254776805860272
715,0.03203872180778759,22.928687218115623,256.0164122174496,-0.031089253784808608
716,0.03149851713775011,22.843174357555863,238.5745026007034,-0.026878278622601438
717,0.03084759700521884,22.767661136416546,221.00383891684567,-0.020239404358442955
718,0.03023103629231961,22.704111648715422,203.36789303926832,-0.011990643067890527
719,0.0295743045402731,22.654198537876166,185.81091671215003,-0.002994275676052307
720,0.02888973393527062,22.61979884717188,167.98068935497255,0.006016037147589516
721,0.02819512633248561,22.601844301742684,150.24378716735544,0.013993541289769217
722,0.02740872378062723,22.60091618120419,132.451261152999,0.020223575164916213
723,0.02667944316807333,22.61742230652242,114.60517470033852,0.024256909941532408
724,0.02589165537589136,22.650721273799775,96.61853537955866,0.025719101242871675
725,0.02498496906004764,22.699880997189663,78.75515055769092,0.024505327959969743
726,0.02422076600496628,22.76365644255789,60.75730061828273,0.021134029441731813
727,0.0232908730940545,22.840124119058125,42.68657028778215,0.015790918321055676
728,0.02239594993983067,22.92714407405154,24.57709591542515,0.009314862813555324
729,0.02149757116089132,23.022610799450035,6.461319118925217,0.002419173685047646
730,0.02057037878867169,23.123954651181716,348.2602299134114,-0.00418539210008808
731,0.01964773004601052,23.22879755417965,329.8054299441195,-0.009881590774953732
732,0.01870268163808154,23.334844698753585,311.63384093534296,-0.013978493134600532
733,0.01777854322851383,23.439513421017008,293.0510340610452,-0.01635904138846683
734,0.01686196135052509,23.54053140948482,274.4506272555054,-0.016811115339088297
735,0.01589298847636345,23.63594628561942,255.80491488255345,-0.015407718148797243
736,0.01497682701355257,23.723466799389886,236.83929900792515,-0.012537696302585812
737,0.01407919603137019,23.801377597875508,217.8954939289338,-0.008647767996031792
738,0.01312700527046867,23.868272704098484,198.33175319236364,-0.004128687020426045
739,0.01225623621312612,23.922729582919132,178.77988400115336,0.0002609773323518203
740,0.011370374469832,23.963859210454412,158.86075446881355,0.004100563672044989
741,0.01054666333961722,23.991358749644633,138.03124338552632,0.007052820290032149
742,0.009729568484702186,24.00475623633806,117.08407129061689,0.008662618318025722
743,0.008946448814041308,24.004361630136625,95.39319634948387,0.008906844071256895
744,0.008345146330849828,23.990666415656495,72.56089697093098,0.007961570174754339
745,0.007657255152593071,23.964194463026338,48.96940726842241,0.0057763206715957
746,0.007220213841848544,23.92602351646089,24.38311192639484,0.002980764097699382
747,0.006878009781781579,23.877191702963312,358.9216364912217,-0.0001294433367642028
748,0.006695622757410012,23.818725284596667,332.6401609561886,-0.003077156668257091
749,0.006731163477375812,23.75212585010932,306.0973352912067,-0.005438896440130105
750,0.006832660681550693,23.678763005395105,280.44572143778566,-0.006719423715282063
751,0.007234119055464755,23.599932287007697,254.93311901956866,-0.0069854321103358305
752,0.00762788389482308,23.51730744044147,230.54122441314001,-0.0058893521813358695
753,0.008124793689360657,23.43256823557895,206.99063133978552,-0.0036873953804718853
754,0.008737284039414362,23.347191844712455,184.5373136431701,-0.0006911918389973309
755,0.009348052114128157,23.262909167425864,162.55935194697412,0.0028017766366390372
756,0.009993130469238715,23.181418253848243,141.01456190434396,0.006286906787307958
757,0.01064119444870448,23.104057522406258,120.41931667918377,0.009176359716283269
758,0.01130267193543656,23.03234322148877,99.85520163751643,0.011135883523144484
759,0.0120162587211684,22.967550092369898,79.6896466803161,0.011822228735682583
760,0.01259614407899088,22.910652624437706,59.79996459227086,0.010886526013648559
761,0.01329886388761489,22.86245226644831,40.20578800252157,0.008584880010132806
762,0.01394666725583131,22.8236534307397,20.660519642527596,0.004920805128962691
763,0.01452548821602667,22.794576678685516,1.383636317775265,0.00035074205843481474
764,0.01518264479233429,22.775608719845895,342.16297906849354,-0.004650602717184541
765,0.01572306340871116,22.76690450565976,323.3157068134944,-0.009393041872762483
766,0.01634183305966805,22.76842275325051,304.19645706663516,-0.013516580637384203
767,0.01683150658160977,22.780162244710695,285.52480620620184,-0.016217403375777283
768,0.01733151189241973,22.80198430377092,266.9110398715721,-0.01730633045021235
769,0.01785701615198789,22.833476263609285,248.1929792786757,-0.016579173691524493
770,0.01824300878483925,22.874307069651348,229.77285759854576,-0.013928357950857765
771,0.01863229680939498,22.92377345887875,211.32316347101704,-0.00968626983301827
772,0.01904906787163583,22.981001008348194,193.07352386000443,-0.004308922259743513
773,0.01930852172629885,23.04485455135667,174.68122232071238,0.001789840371265661
774,0.01960847982323262,23.114176424885724,156.49230057050977,0.007821279450904477
775,0.01984765299099884,23.187395174602486,138.45071601897286,0.013164234319799323
776,0.02004135236854473,23.263066098054225,120.21893517722363,0.017317903256433294
777,0.02020984521508629,23.339751658138695,102.16254670108819,0.019756211491816604
778,0.02028832063281276,23.41585052875147,84.23313951472403,0.020185641294639727
779,0.02043564517185592,23.489901313878754,66.14525002621865,0.018689902298350828
780,0.02044379179610048,23.560494985652184,48.19374394437902,0.015238868180247474
781,0.0204483799627252,23.626217235504072,30.26759099135537,0.010306784437570753
782,0.02048284775569595,23.68578661285598,12.27968364962457,0.004356372456462001
783,0.02041881132888164,23.737995808745648,354.4629097193987,-0.001970213139861253
784,0.02036626546006822,23.781541123809376,336.39437149107704,-0.008155448001955336
785,0.02026143107001655,23.815434214941902,318.7098084570802,-0.013369972307016366
786,0.02018774598010634,23.83870192545373,300.77691043338285,-0.017344628491546905
787,0.02001774929836781,23.850493738533373,282.81881236570973,-0.019518838105069436
788,0.01984610621913561,23.850543106577465,265.1932607451364,-0.019776307661734296
789,0.0196476121362046,23.838589343954688,247.150525812621,-0.018105828510673647
790,0.01944248252449369,23.81459706279203,229.32948968750912,-0.014746537109022111
791,0.01913413312863163,23.77928008876733,211.37569020934367,-0.009962137341991126
792,0.01887788136395965,23.7332620339585,193.3879574122706,-0.004371049545855952
793,0.01857525144926777,23.67764136866653,175.35856600759155,0.0015031043969788891
794,0.01820765044003847,23.61385383452597,157.09673383048616,0.007085988980705732
795,0.01787422362591027,23.54343505851389,138.90628683774148,0.011748594139425816
796,0.01749129290628509,23.46816730330076,120.64854440667223,0.015047941683361567
797,0.01711604500845952,23.39009344416773,101.90121394559719,0.016748129047797763
798,0.01669869940169976,23.310976033324625,83.47818342974163,0.016590636760117503
799,0.01628885258678446,23.233044343710876,64.58929818746803,0.014712990146270673
800,0.01592666245030292,23.158414392944604,45.660489757220894,0.011390923344666359
